{"cameraMode":{"drawMode":0,"name":"Shaded","section":"Shading Mode"},"sceneLighting":false,"audioPlay":false,"sceneViewState":{"showFog":true,"showMaterialUpdate":false,"showSkybox":false,"showFlares":true,"showImageEffects":true,"showParticleSystems":true,"showVisualEffectGraphs":true,"m_FxEnabled":true},"in2DMode":false,"pivot":{"x":-3.329724073410034,"y":0.020698100328445436,"z":-11.670389175415039},"rotation":{"x":-0.2734341025352478,"y":0.12279864400625229,"z":-0.03521426394581795,"w":-0.9533713459968567},"size":1.2247449159622193,"orthographic":false}