{"cameraMode":{"drawMode":0,"name":"Shaded","section":"Shading Mode"},"sceneLighting":true,"audioPlay":false,"sceneViewState":{"showFog":true,"showMaterialUpdate":false,"showSkybox":true,"showFlares":true,"showImageEffects":true,"showParticleSystems":true,"showVisualEffectGraphs":true,"m_FxEnabled":true},"in2DMode":false,"pivot":{"x":1001.1300048828125,"y":8.779999732971192,"z":-5.048000335693359},"rotation":{"x":0.12300319224596024,"y":0.29052770137786868,"z":-0.037680093199014667,"w":0.9481978416442871},"size":415.2831115722656,"orthographic":true}